Workbook

Sheet Tender_Register
A1: Tender No | B1: Title | C1: Department | D1: NIT / Published Date | E1: Estimated Cost (INR crore) | F1: Bid Due Date | G1: Bid Opening Date | H1: Documents Purchased (count) | I1: Bids Received (count) | J1: Status | K1: Awardee | L1: Awarded Value (INR crore) | M1: Related Equipment / Remarks
A2: MRPL/PUR/MECH/2025-26/0388 | B2: Hydrojetting and cleaning services for heat exchanger bundles (rate contract) | C2: Mechanical | D2: 45826 | E2: 1.6 | F2: 45868 | G2: 45869 | H2: =COUNTIF(Doc_Purchase_Log!$B$2:$B$60,A2) -> 3 | I2: =COUNTIFS(Doc_Purchase_Log!$B$2:$B$60,A2,Doc_Purchase_Log!$G$2:$G$60,"Yes") -> 2 | J2: Under evaluation | M2: Multiple exchangers, incl. DHDT Unit-31
A3: MRPL/PUR/MECH/2025-26/0405 | B3: Supply of gaskets and fasteners for heat exchangers (rate contract) | C3: Mechanical | D3: 45839 | E3: 0.85 | F3: 45877 | G3: 45877 | H3: =COUNTIF(Doc_Purchase_Log!$B$2:$B$60,A3) -> 1 | I3: =COUNTIFS(Doc_Purchase_Log!$B$2:$B$60,A3,Doc_Purchase_Log!$G$2:$G$60,"Yes") -> 1 | J3: Awarded | K3: Sahyadri Fabricators Pvt Ltd | L3: 0.79 | M3: Various
A4: MRPL/PUR/MECH/2025-26/0412 | B4: Supply of replacement tube bundle (spare) for feed/effluent heat exchanger 31-E-102A, DHDT Unit-31 | C4: Mechanical | D4: 45850 | E4: 4.2 | F4: 45880 | G4: 45881 | H4: =COUNTIF(Doc_Purchase_Log!$B$2:$B$60,A4) -> 6 | I4: =COUNTIFS(Doc_Purchase_Log!$B$2:$B$60,A4,Doc_Purchase_Log!$G$2:$G$60,"Yes") -> 4 | J4: Awarded - delivered, installation pending | K4: Vishwa Thermal Engineering Pvt Ltd | L4: 3.79 | M4: 31-E-102A
A5: MRPL/PUR/INST/2025-26/0398 | B5: Calibration and testing of pressure safety valves, Units 31-34 | C5: Instrumentation | D5: 45852 | E5: 1.1 | F5: 45883 | G5: 45883 | H5: =COUNTIF(Doc_Purchase_Log!$B$2:$B$60,A5) -> 1 | I5: =COUNTIFS(Doc_Purchase_Log!$B$2:$B$60,A5,Doc_Purchase_Log!$G$2:$G$60,"Yes") -> 1 | J5: Awarded | K5: Aravalli Valve Services | L5: 0.98 | M5: PSVs, DHDT area
A6: MRPL/PUR/CHEM/2025-26/0421 | B6: Supply of filming corrosion inhibitor, cooling water system | C6: Chemicals | D6: 45866 | E6: 0.65 | F6: 45901 | G6: 45902 | H6: =COUNTIF(Doc_Purchase_Log!$B$2:$B$60,A6) -> 0 | I6: =COUNTIFS(Doc_Purchase_Log!$B$2:$B$60,A6,Doc_Purchase_Log!$G$2:$G$60,"Yes") -> 0 | J6: Awarded | K6: Tulu Specialty Chemicals | L6: 0.61 | M6: Cooling water
A7: MRPL/PUR/ELEC/2025-26/0430 | B7: Rewinding of HT motors, 3.3 kV (rate contract) | C7: Electrical | D7: 45874 | E7: 0.9 | F7: 45910 | G7: 45911 | H7: =COUNTIF(Doc_Purchase_Log!$B$2:$B$60,A7) -> 0 | I7: =COUNTIFS(Doc_Purchase_Log!$B$2:$B$60,A7,Doc_Purchase_Log!$G$2:$G$60,"Yes") -> 0 | J7: Awarded | K7: Malabar Motors and Drives | L7: 0.86 | M7: HT motors
A8: MRPL/PUR/CIV/2024-25/0731 | B8: Cooling tower fill replacement, CT-2 | C8: Civil | D8: 45485 | E8: 2.3 | F8: 45516 | G8: 45517 | H8: =COUNTIF(Doc_Purchase_Log!$B$2:$B$60,A8) -> 0 | I8: =COUNTIFS(Doc_Purchase_Log!$B$2:$B$60,A8,Doc_Purchase_Log!$G$2:$G$60,"Yes") -> 0 | J8: Completed | K8: Konkan Cooling Systems | L8: 2.18 | M8: CT-2 (NIT also dated 12 July, but in 2024)
A10: SYNTHETIC / DUMMY DATA. MRPL used as demo setting only; vendors, values and tender numbers are fictional. Blue = typed inputs.
A11: Note: Tender 0388 was published earlier (18 Jun 2025) but two firms bought its documents on 12 Jul 2025. Tender 0412 was published on 12 Jul 2025.

Sheet Doc_Purchase_Log
A1: Purchase ID | B1: Tender No | C1: Firm | D1: City | E1: Purchase Date | F1: Fee incl. GST (INR) | G1: Bid Submitted
A2: PUR-0001 | B2: MRPL/PUR/MECH/2025-26/0388 | C2: Konkan Reactor Services | D2: Mangaluru | E2: 45832 | F2: 5900 | G2: No
A3: PUR-0002 | B3: MRPL/PUR/MECH/2025-26/0388 | C3: Sahyadri Fabricators Pvt Ltd | D3: Belagavi | E3: 45850 | F3: 5900 | G3: Yes
A4: PUR-0003 | B4: MRPL/PUR/MECH/2025-26/0388 | C4: Vishwa Thermal Engineering Pvt Ltd | D4: Pune | E4: 45850 | F4: 5900 | G4: Yes
A5: PUR-0004 | B5: MRPL/PUR/MECH/2025-26/0405 | C5: Sahyadri Fabricators Pvt Ltd | D5: Belagavi | E5: 45842 | F5: 2950 | G5: Yes
A6: PUR-0005 | B6: MRPL/PUR/MECH/2025-26/0412 | C6: Vishwa Thermal Engineering Pvt Ltd | D6: Pune | E6: 45850 | F6: 5900 | G6: Yes
A7: PUR-0006 | B7: MRPL/PUR/MECH/2025-26/0412 | C7: Coastal Exchangers & Vessels Ltd | D7: Vadodara | E7: 45850 | F7: 5900 | G7: Yes
A8: PUR-0007 | B8: MRPL/PUR/MECH/2025-26/0412 | C8: Nordhaus-Rao Process Equipment (India) Pvt Ltd | D8: Hyderabad | E8: 45850 | F8: 5900 | G8: Yes
A9: PUR-0008 | B9: MRPL/PUR/MECH/2025-26/0412 | C9: Kaveri Heat Transfer Systems | D9: Chennai | E9: 45852 | F9: 5900 | G9: Yes
A10: PUR-0009 | B10: MRPL/PUR/MECH/2025-26/0412 | C10: Sahyadri Fabricators Pvt Ltd | D10: Belagavi | E10: 45854 | F10: 5900 | G10: No
A11: PUR-0010 | B11: MRPL/PUR/MECH/2025-26/0412 | C11: Meridian Industrial Works | D11: Ahmedabad | E11: 45859 | F11: 5900 | G11: No
A12: PUR-0011 | B12: MRPL/PUR/INST/2025-26/0398 | C12: Aravalli Valve Services | D12: Jaipur | E12: 45853 | F12: 5900 | G12: Yes

Sheet Bid_Evaluation_0412
A1: Bidder | B1: Technical Status | C1: Quoted Price (INR crore) | D1: Delivery (weeks) | E1: Estimate (INR crore) | F1: Variance vs Estimate | G1: Rank (qualified bids) | H1: Remarks
A2: Vishwa Thermal Engineering Pvt Ltd | B2: Qualified | C2: 3.87 | D2: 30 | E2: 4.2 | F2: =(C2-E2)/E2 -> -0.078571429 | G2: =IF(B2="Qualified",COUNTIFS($C$2:$C$5,"<"&C2,$B$2:$B$5,"Qualified")+1,"n/a") -> 1 | H2: Negotiated to 3.79 crore on 17 Sep 2025; awarded
A3: Coastal Exchangers & Vessels Ltd | B3: Qualified | C3: 4.05 | D3: 32 | E3: 4.2 | F3: =(C3-E3)/E3 -> -0.035714286 | G3: =IF(B3="Qualified",COUNTIFS($C$2:$C$5,"<"&C3,$B$2:$B$5,"Qualified")+1,"n/a") -> 2 | H3: L2
A4: Kaveri Heat Transfer Systems | B4: Qualified | C4: 4.31 | D4: 28 | E4: 4.2 | F4: =(C4-E4)/E4 -> 0.026190476 | G4: =IF(B4="Qualified",COUNTIFS($C$2:$C$5,"<"&C4,$B$2:$B$5,"Qualified")+1,"n/a") -> 3 | H4: L3; fastest delivery
A5: Nordhaus-Rao Process Equipment (India) Pvt Ltd | B5: Disqualified | C5: 3.62 | D5: 34 | E5: 4.2 | F5: =(C5-E5)/E5 -> -0.13809524 | G5: =IF(B5="Qualified",COUNTIFS($C$2:$C$5,"<"&C5,$B$2:$B$5,"Qualified")+1,"n/a") -> n/a | H5: Indicative price only; did not meet alloy-bundle experience criterion; price bid not opened
A8: Negotiated award value (INR crore) | C8: 3.79
A9: Reduction from L1 quote | C9: =(C2-C8)/C2 -> 0.020671835
A10: Award value vs estimate | C10: =(C8-E2)/E2 -> -0.097619048
