Workbook

Sheet Inspection_Dates
A1: Inspection | B1: Date | C1: Type | D1: Interval from previous (years)
A2: IR-2019-03 | B2: 43542 | C2: Turnaround
A3: IR-2023-11 | B3: 45239 | C3: Opportunity shutdown | D3: =(B3-B2)/365.25 -> 4.6461328
A4: IR-2025-04 | B4: 45761 | C4: Planned shutdown | D4: =(B4-B3)/365.25 -> 1.4291581
A5: IR-2025-06 | B5: 45824 | C5: Emergency (post product failure) | D5: =(B5-B4)/365.25 -> 0.1724846
A8: SYNTHETIC / DUMMY DATA. Blue = typed inputs. Last two inspections by date: IR-2025-04 and IR-2025-06.

Sheet TML_Readings
A1: TML ID | B1: Location | C1: Nominal (mm) | D1: Minimum Required (mm) | E1: IR-2019-03 (mm) | F1: IR-2023-11 (mm) | G1: IR-2025-04 (mm) | H1: IR-2025-06 (mm) | I1: Change: last two (mm) | J1: Change: previous two (mm) | K1: Total loss since 2019 (mm) | L1: Rate 2019-2023 (mm/yr) | M1: Rate 2023-Apr 2025 (mm/yr) | N1: Rate Apr-Jun 2025 (mm/yr) | O1: Margin over minimum (mm) | P1: Remaining life at 2023-25 rate (yrs)
A2: TML-01 | B2: Tube row 1, inlet end | C2: 2.77 | D2: 1.9 | E2: 2.45 | F2: 2.31 | G2: 2.14 | H2: 2.08 | I2: =H2-G2 -> -0.06 | J2: =G2-F2 -> -0.17 | K2: =E2-H2 -> 0.37 | L2: =(E2-F2)/Inspection_Dates!$D$3 -> 0.030132587 | M2: =(F2-G2)/Inspection_Dates!$D$4 -> 0.11895115 | N2: =(G2-H2)/Inspection_Dates!$D$5 -> 0.34785714 | O2: =H2-D2 -> 0.18 | P2: =IF(M2>0,O2/M2,"n/a") -> 1.5132262
A3: TML-02 | B3: Tube row 2, inlet end | C3: 2.77 | D3: 1.9 | E3: 2.6 | F3: 2.38 | G3: 2.19 | H3: 2.13 | I3: =H3-G3 -> -0.06 | J3: =G3-F3 -> -0.19 | K3: =E3-H3 -> 0.47 | L3: =(E3-F3)/Inspection_Dates!$D$3 -> 0.047351208 | M3: =(F3-G3)/Inspection_Dates!$D$4 -> 0.1329454 | N3: =(G3-H3)/Inspection_Dates!$D$5 -> 0.34785714 | O3: =H3-D3 -> 0.23 | P3: =IF(M3>0,O3/M3,"n/a") -> 1.7300335
A4: TML-03 | B4: Tube row 4, inlet end | C4: 2.77 | D4: 1.9 | E4: 2.7 | F4: 2.49 | G4: 2.3 | H4: 2.26 | I4: =H4-G4 -> -0.04 | J4: =G4-F4 -> -0.19 | K4: =E4-H4 -> 0.44 | L4: =(E4-F4)/Inspection_Dates!$D$3 -> 0.04519888 | M4: =(F4-G4)/Inspection_Dates!$D$4 -> 0.1329454 | N4: =(G4-H4)/Inspection_Dates!$D$5 -> 0.23190476 | O4: =H4-D4 -> 0.36 | P4: =IF(M4>0,O4/M4,"n/a") -> 2.7078785
A5: TML-04 | B5: Tube row 8, mid bundle | C5: 2.77 | D5: 1.9 | E5: 2.73 | F5: 2.62 | G5: 2.52 | H5: 2.5 | I5: =H5-G5 -> -0.02 | J5: =G5-F5 -> -0.1 | K5: =E5-H5 -> 0.23 | L5: =(E5-F5)/Inspection_Dates!$D$3 -> 0.023675604 | M5: =(F5-G5)/Inspection_Dates!$D$4 -> 0.069971264 | N5: =(G5-H5)/Inspection_Dates!$D$5 -> 0.11595238 | O5: =H5-D5 -> 0.6 | P5: =IF(M5>0,O5/M5,"n/a") -> 8.5749487
A6: TML-05 | B6: Tube row 15, outlet region | C6: 2.77 | D6: 1.9 | E6: 2.75 | F6: 2.7 | G6: 2.66 | H6: 2.65 | I6: =H6-G6 -> -0.01 | J6: =G6-F6 -> -0.04 | K6: =E6-H6 -> 0.1 | L6: =(E6-F6)/Inspection_Dates!$D$3 -> 0.010761638 | M6: =(F6-G6)/Inspection_Dates!$D$4 -> 0.027988506 | N6: =(G6-H6)/Inspection_Dates!$D$5 -> 0.05797619 | O6: =H6-D6 -> 0.75 | P6: =IF(M6>0,O6/M6,"n/a") -> 26.796715
A7: TML-06 | B7: Shell nozzle N1 (effluent inlet) | C7: 12.7 | D7: 9.5 | E7: 12.4 | F7: 12.3 | G7: 12.25 | H7: 12.25 | I7: =H7-G7 -> 0 | J7: =G7-F7 -> -0.05 | K7: =E7-H7 -> 0.15 | L7: =(E7-F7)/Inspection_Dates!$D$3 -> 0.021523276 | M7: =(F7-G7)/Inspection_Dates!$D$4 -> 0.034985632 | N7: =(G7-H7)/Inspection_Dates!$D$5 -> 0 | O7: =H7-D7 -> 2.75 | P7: =IF(M7>0,O7/M7,"n/a") -> 78.603696
A8: TML-07 | B8: Channel barrel | C8: 45 | D8: 40 | E8: 44.6 | F8: 44.5 | G8: 44.4 | H8: 44.4 | I8: =H8-G8 -> 0 | J8: =G8-F8 -> -0.1 | K8: =E8-H8 -> 0.2 | L8: =(E8-F8)/Inspection_Dates!$D$3 -> 0.021523276 | M8: =(F8-G8)/Inspection_Dates!$D$4 -> 0.069971264 | N8: =(G8-H8)/Inspection_Dates!$D$5 -> 0 | O8: =H8-D8 -> 4.4 | P8: =IF(M8>0,O8/M8,"n/a") -> 62.882957

Sheet ECT_Summary
A1: Inspection | B1: Previously Plugged | C1: <20 % loss | D1: 20-39 % | E1: 40-59 % | F1: 60-79 % | G1: ≥80 % | H1: Total tubes | I1: Above 60 % loss (unplugged as-found) | J1: Plugged at this inspection | K1: Cumulative plugged | L1: Plugged share of 640
A2: IR-2019-03 | B2: 0 | C2: 628 | D2: 12 | E2: 0 | F2: 0 | G2: 0 | H2: =SUM(B2:G2) -> 640 | I2: =F2+G2 -> 0 | J2: 0 | K2: =B2+J2 -> 0 | L2: =K2/H2 -> 0
A3: IR-2023-11 | B3: 0 | C3: 561 | D3: 47 | E3: 23 | F3: 9 | G3: 0 | H3: =SUM(B3:G3) -> 640 | I3: =F3+G3 -> 9 | J3: 4 | K3: =B3+J3 -> 4 | L3: =K3/H3 -> 0.00625
A4: IR-2025-04 | B4: 4 | C4: 498 | D4: 71 | E4: 40 | F4: 20 | G4: 7 | H4: =SUM(B4:G4) -> 640 | I4: =F4+G4 -> 27 | J4: 7 | K4: =B4+J4 -> 11 | L4: =K4/H4 -> 0.0171875
A5: IR-2025-06 | B5: 11 | C5: 471 | D5: 78 | E5: 44 | F5: 24 | G5: 12 | H5: =SUM(B5:G5) -> 640 | I5: =F5+G5 -> 36 | J5: 14 | K5: =B5+J5 -> 25 | L5: =K5/H5 -> 0.0390625
A7: Change between the last two inspections (IR-2025-06 minus IR-2025-04)
A8: Cumulative plugged | B8: =K5-K4 -> 14
A9: Tubes 40-59 % loss | B9: =E5-E4 -> 4
A10: Tubes 60-79 % loss | B10: =F5-F4 -> 4
A11: Tubes ≥80 % loss | B11: =G5-G4 -> 5
A12: Above 60 % loss (as-found) | B12: =I5-I4 -> 9
A14: Note: as-found classification covers all 640 tubes before plugging at that inspection. IR-2025-06 also had 14 leaking tubes found by hydrotest (all plugged).
